label,mutations,variant,sequence,seed
Unobserved,5,"P11H,G49Y,G102M,F112P,I126C",SKGEELFTGVVHILVELDGDVNGHKFSVSGEGEGDATYGKLTLKFICTTYKLPVPWPTLVTTLSYGVQCFSRYPDHMKQHDFFKSAMPEGYVQERTIFFKDDMNYKTRAEVKPEGDTLVNRIELKGCDFKEDGNILGHKLEYNYNSHNVYIMADKQKNGIKVNFKIRHNIEDGSVQLADHYQQNTPIGDGPVLLPDNHYLSTQSALSKDPNEKRDHMVLLEFVTAAGITHGMDELYK,42
Unobserved,5,"V14L,K39D,C46E,L62K,L193V",SKGEELFTGVVPILLELDGDVNGHKFSVSGEGEGDATYGDLTLKFIETTGKLPVPWPTLVTTKSYGVQCFSRYPDHMKQHDFFKSAMPEGYVQERTIFFKDDGNYKTRAEVKFEGDTLVNRIELKGIDFKEDGNILGHKLEYNYNSHNVYIMADKQKNGIKVNFKIRHNIEDGSVQLADHYQQNTPIGDGPVLVPDNHYLSTQSALSKDPNEKRDHMVLLEFVTAAGITHGMDELYK,42
Unobserved,5,"L13M,K43D,D100I,R107Q,D232P",SKGEELFTGVVPIMVELDGDVNGHKFSVSGEGEGDATYGKLTLDFICTTGKLPVPWPTLVTTLSYGVQCFSRYPDHMKQHDFFKSAMPEGYVQERTIFFKIDGNYKTQAEVKFEGDTLVNRIELKGIDFKEDGNILGHKLEYNYNSHNVYIMADKQKNGIKVNFKIRHNIEDGSVQLADHYQQNTPIGDGPVLLPDNHYLSTQSALSKDPNEKRDHMVLLEFVTAAGITHGMPELYK,42
Unobserved,5,"I12A,Y90A,D101C,V191Q,K207A",SKGEELFTGVVPALVELDGDVNGHKFSVSGEGEGDATYGKLTLKFICTTGKLPVPWPTLVTTLSYGVQCFSRYPDHMKQHDFFKSAMPEGAVQERTIFFKDCGNYKTRAEVKFEGDTLVNRIELKGIDFKEDGNILGHKLEYNYNSHNVYIMADKQKNGIKVNFKIRHNIEDGSVQLADHYQQNTPIGDGPQLLPDNHYLSTQSALSADPNEKRDHMVLLEFVTAAGITHGMDELYK,42
Unobserved,5,"G2W,Y72L,G125K,K156T,P194E",SKWEELFTGVVPILVELDGDVNGHKFSVSGEGEGDATYGKLTLKFICTTGKLPVPWPTLVTTLSYGVQCFSRLPDHMKQHDFFKSAMPEGYVQERTIFFKDDGNYKTRAEVKFEGDTLVNRIELKKIDFKEDGNILGHKLEYNYNSHNVYIMADKQTNGIKVNFKIRHNIEDGSVQLADHYQQNTPIGDGPVLLEDNHYLSTQSALSKDPNEKRDHMVLLEFVTAAGITHGMDELYK,42
Unobserved,10,"T41R,F44L,C46A,F69K,F97N,G125H,K154Y,N162H,I169F,A177W",SKGEELFTGVVPILVELDGDVNGHKFSVSGEGEGDATYGKLRLKLIATTGKLPVPWPTLVTTLSYGVQCKSRYPDHMKQHDFFKSAMPEGYVQERTINFKDDGNYKTRAEVKFEGDTLVNRIELKHIDFKEDGNILGHKLEYNYNSHNVYIMADYQKNGIKVHFKIRHNFEDGSVQLWDHYQQNTPIGDGPVLLPDNHYLSTQSALSKDPNEKRDHMVLLEFVTAAGITHGMDELYK,42
Unobserved,10,"D19P,E32I,T36K,P56T,G89E,N119G,G136E,N168M,V174G,P209R",SKGEELFTGVVPILVELDGPVNGHKFSVSGEGIGDAKYGKLTLKFICTTGKLPVPWTTLVTTLSYGVQCFSRYPDHMKQHDFFKSAMPEEYVQERTIFFKDDGNYKTRAEVKFEGDTLVGRIELKGIDFKEDGNILEHKLEYNYNSHNVYIMADKQKNGIKVNFKIRHMIEDGSGQLADHYQQNTPIGDGPVLLPDNHYLSTQSALSKDRNEKRDHMVLLEFVTAAGITHGMDELYK,42
Unobserved,10,"V20Q,T36V,T47H,N103L,R107S,E130M,G132M,G172C,D178C,R213C",SKGEELFTGVVPILVELDGDQNGHKFSVSGEGEGDAVYGKLTLKFICHTGKLPVPWPTLVTTLSYGVQCFSRYPDHMKQHDFFKSAMPEGYVQERTIFFKDDGLYKTSAEVKFEGDTLVNRIELKGIDFKMDMNILGHKLEYNYNSHNVYIMADKQKNGIKVNFKIRHNIEDCSVQLACHYQQNTPIGDGPVLLPDNHYLSTQSALSKDPNEKCDHMVLLEFVTAAGITHGMDELYK,42
Unobserved,10,"E32D,Y72S,H75C,Q78N,R94Y,G114M,E122L,V161L,N168H,V217Y",SKGEELFTGVVPILVELDGDVNGHKFSVSGEGDGDATYGKLTLKFICTTGKLPVPWPTLVTTLSYGVQCFSRSPDCMKNHDFFKSAMPEGYVQEYTIFFKDDGNYKTRAEVKFEMDTLVNRILLKGIDFKEDGNILGHKLEYNYNSHNVYIMADKQKNGIKLNFKIRHHIEDGSVQLADHYQQNTPIGDGPVLLPDNHYLSTQSALSKDPNEKRDHMYLLEFVTAAGITHGMDELYK,42
Unobserved,10,"V14N,F25E,F98R,K105C,I121S,G125P,N147H,V148K,D171P,G189E",SKGEELFTGVVPILNELDGDVNGHKESVSGEGEGDATYGKLTLKFICTTGKLPVPWPTLVTTLSYGVQCFSRYPDHMKQHDFFKSAMPEGYVQERTIFRKDDGNYCTRAEVKFEGDTLVNRSELKPIDFKEDGNILGHKLEYNYNSHHKYIMADKQKNGIKVNFKIRHNIEPGSVQLADHYQQNTPIGDEPVLLPDNHYLSTQSALSKDPNEKRDHMVLLEFVTAAGITHGMDELYK,42
Observed,5,"D34E,F97L,K111R,S173C,V217A",SKGEELFTGVVPILVELDGDVNGHKFSVSGEGEGEATYGKLTLKFICTTGKLPVPWPTLVTTLSYGVQCFSRYPDHMKQHDFFKSAMPEGYVQERTILFKDDGNYKTRAEVRFEGDTLVNRIELKGIDFKEDGNILGHKLEYNYNSHNVYIMADKQKNGIKVNFKIRHNIEDGCVQLADHYQQNTPIGDGPVLLPDNHYLSTQSALSKDPNEKRDHMALLEFVTAAGITHGMDELYK,42
Observed,5,"T41P,T60A,F82S,L135P,N147S",SKGEELFTGVVPILVELDGDVNGHKFSVSGEGEGDATYGKLPLKFICTTGKLPVPWPTLVATLSYGVQCFSRYPDHMKQHDFSKSAMPEGYVQERTIFFKDDGNYKTRAEVKFEGDTLVNRIELKGIDFKEDGNIPGHKLEYNYNSHSVYIMADKQKNGIKVNFKIRHNIEDGSVQLADHYQQNTPIGDGPVLLPDNHYLSTQSALSKDPNEKRDHMVLLEFVTAAGITHGMDELYK,42
Observed,5,"E4G,H75Y,E88G,H179Y,M216V",SKGEGLFTGVVPILVELDGDVNGHKFSVSGEGEGDATYGKLTLKFICTTGKLPVPWPTLVTTLSYGVQCFSRYPDYMKQHDFFKSAMPGGYVQERTIFFKDDGNYKTRAEVKFEGDTLVNRIELKGIDFKEDGNILGHKLEYNYNSHNVYIMADKQKNGIKVNFKIRHNIEDGSVQLADYYQQNTPIGDGPVLLPDNHYLSTQSALSKDPNEKRDHVVLLEFVTAAGITHGMDELYK,42
Observed,5,"V27G,H75L,Y104F,P190S,Q202P",SKGEELFTGVVPILVELDGDVNGHKFSGSGEGEGDATYGKLTLKFICTTGKLPVPWPTLVTTLSYGVQCFSRYPDLMKQHDFFKSAMPEGYVQERTIFFKDDGNFKTRAEVKFEGDTLVNRIELKGIDFKEDGNILGHKLEYNYNSHNVYIMADKQKNGIKVNFKIRHNIEDGSVQLADHYQQNTPIGDGSVLLPDNHYLSTPSALSKDPNEKRDHMVLLEFVTAAGITHGMDELYK,42
Observed,5,"K1R,K99R,L193Q,S200N,S203T",SRGEELFTGVVPILVELDGDVNGHKFSVSGEGEGDATYGKLTLKFICTTGKLPVPWPTLVTTLSYGVQCFSRYPDHMKQHDFFKSAMPEGYVQERTIFFRDDGNYKTRAEVKFEGDTLVNRIELKGIDFKEDGNILGHKLEYNYNSHNVYIMADKQKNGIKVNFKIRHNIEDGSVQLADHYQQNTPIGDGPVLQPDNHYLNTQTALSKDPNEKRDHMVLLEFVTAAGITHGMDELYK,42
Observed,10,"E4G,T95A,F97S,E130G,N147S,Y149D,F163P,D195Y,N196D,E220G",SKGEGLFTGVVPILVELDGDVNGHKFSVSGEGEGDATYGKLTLKFICTTGKLPVPWPTLVTTLSYGVQCFSRYPDHMKQHDFFKSAMPEGYVQERAISFKDDGNYKTRAEVKFEGDTLVNRIELKGIDFKGDGNILGHKLEYNYNSHSVDIMADKQKNGIKVNPKIRHNIEDGSVQLADHYQQNTPIGDGPVLLPYDHYLSTQSALSKDPNEKRDHMVLLGFVTAAGITHGMDELYK,42
Observed,10,"S28P,D34E,K83R,K99M,V110A,F128L,N144D,T184S,L205Q,Y235H",SKGEELFTGVVPILVELDGDVNGHKFSVPGEGEGEATYGKLTLKFICTTGKLPVPWPTLVTTLSYGVQCFSRYPDHMKQHDFFRSAMPEGYVQERTIFFMDDGNYKTRAEAKFEGDTLVNRIELKGIDLKEDGNILGHKLEYNYDSHNVYIMADKQKNGIKVNFKIRHNIEDGSVQLADHYQQNSPIGDGPVLLPDNHYLSTQSAQSKDPNEKRDHMVLLEFVTAAGITHGMDELHK,42
Observed,10,"R71H,Y90H,V91D,H146N,V174A,V191E,N196Y,Q202P,E220G,A225G",SKGEELFTGVVPILVELDGDVNGHKFSVSGEGEGDATYGKLTLKFICTTGKLPVPWPTLVTTLSYGVQCFSHYPDHMKQHDFFKSAMPEGHDQERTIFFKDDGNYKTRAEVKFEGDTLVNRIELKGIDFKEDGNILGHKLEYNYNSNNVYIMADKQKNGIKVNFKIRHNIEDGSAQLADHYQQNTPIGDGPELLPDYHYLSTPSALSKDPNEKRDHMVLLGFVTAGGITHGMDELYK,42
Observed,10,"T36N,H75Y,M76T,A108V,F128S,Y141H,N144D,K164L,E170K,I227F",SKGEELFTGVVPILVELDGDVNGHKFSVSGEGEGDANYGKLTLKFICTTGKLPVPWPTLVTTLSYGVQCFSRYPDYTKQHDFFKSAMPEGYVQERTIFFKDDGNYKTRVEVKFEGDTLVNRIELKGIDSKEDGNILGHKLEHNYDSHNVYIMADKQKNGIKVNFLIRHNIKDGSVQLADHYQQNTPIGDGPVLLPDNHYLSTQSALSKDPNEKRDHMVLLEFVTAAGFTHGMDELYK,42
Observed,10,"E15V,V20E,T60A,H75L,K105E,Y149D,N157D,V191A,N196D,F221L",SKGEELFTGVVPILVVLDGDENGHKFSVSGEGEGDATYGKLTLKFICTTGKLPVPWPTLVATLSYGVQCFSRYPDLMKQHDFFKSAMPEGYVQERTIFFKDDGNYETRAEVKFEGDTLVNRIELKGIDFKEDGNILGHKLEYNYNSHNVDIMADKQKDGIKVNFKIRHNIEDGSVQLADHYQQNTPIGDGPALLPDDHYLSTQSALSKDPNEKRDHMVLLELVTAAGITHGMDELYK,42
